car,motorcycle,person,frame,total,train,bus,truck,bicycle,backpack,horse,handbag,umbrella,dog,skateboard
3,4,4,1,12,0,0,0,0,0,0,0,0,0,0
3,6,4,2,15,0,0,0,0,0,0,0,0,0,0
2,6,6,3,17,0,0,0,0,0,0,0,0,0,0
3,6,5,4,18,0,0,0,0,0,0,0,0,0,0
3,6,5,5,19,0,0,0,0,0,0,0,0,0,0
3,6,5,6,20,0,0,0,0,0,0,0,0,0,0
3,6,5,7,21,0,0,0,0,0,0,0,0,0,0
2,7,4,8,21,0,0,0,0,0,0,0,0,0,0
2,6,4,9,21,0,0,0,0,0,0,0,0,0,0
2,5,4,10,21,0,0,0,0,0,0,0,0,0,0
3,5,3,11,22,0,0,0,0,0,0,0,0,0,0
3,4,1,12,20,0,0,0,0,0,0,0,0,0,0
3,4,2,13,22,0,0,0,0,0,0,0,0,0,0
3,4,1,14,22,0,0,0,0,0,0,0,0,0,0
3,4,2,15,24,0,0,0,0,0,0,0,0,0,0
4,4,3,16,27,0,0,0,0,0,0,0,0,0,0
4,3,3,17,27,0,0,0,0,0,0,0,0,0,0
4,4,3,18,29,0,0,0,0,0,0,0,0,0,0
4,5,4,19,32,0,0,0,0,0,0,0,0,0,0
4,4,1,20,29,0,0,0,0,0,0,0,0,0,0
4,3,2,21,30,0,0,0,0,0,0,0,0,0,0
3,5,2,22,32,0,0,0,0,0,0,0,0,0,0
3,5,1,23,32,0,0,0,0,0,0,0,0,0,0
3,3,1,24,31,0,0,0,0,0,0,0,0,0,0
4,5,1,25,35,0,0,0,0,0,0,0,0,0,0
4,3,1,26,34,0,0,0,0,0,0,0,0,0,0
4,3,1,27,35,0,0,0,0,0,0,0,0,0,0
2,4,2,28,36,0,0,0,0,0,0,0,0,0,0
2,4,1,29,36,0,0,0,0,0,0,0,0,0,0
2,4,1,30,37,0,0,0,0,0,0,0,0,0,0
1,3,2,31,37,0,0,0,0,0,0,0,0,0,0
2,3,2,32,39,0,0,0,0,0,0,0,0,0,0
2,4,4,33,43,0,0,0,0,0,0,0,0,0,0
2,4,3,34,43,0,0,0,0,0,0,0,0,0,0
2,5,4,35,46,0,0,0,0,0,0,0,0,0,0
2,5,4,36,47,0,0,0,0,0,0,0,0,0,0
3,5,4,37,49,0,0,0,0,0,0,0,0,0,0
4,3,4,38,49,0,0,0,0,0,0,0,0,0,0
3,4,4,39,50,0,0,0,0,0,0,0,0,0,0
3,4,5,40,53,1,0,0,0,0,0,0,0,0,0
3,4,3,41,52,0,1,0,0,0,0,0,0,0,0
2,5,4,42,54,0,1,0,0,0,0,0,0,0,0
3,3,4,43,53,0,0,0,0,0,0,0,0,0,0
3,7,5,44,60,0,0,1,0,0,0,0,0,0,0
3,3,4,45,56,0,0,1,0,0,0,0,0,0,0
3,5,6,46,61,0,0,1,0,0,0,0,0,0,0
2,4,4,47,58,0,0,1,0,0,0,0,0,0,0
3,4,5,48,61,0,0,1,0,0,0,0,0,0,0
3,4,4,49,61,0,0,1,0,0,0,0,0,0,0
2,5,5,50,63,0,0,1,0,0,0,0,0,0,0
3,5,3,51,63,0,0,1,0,0,0,0,0,0,0
3,5,4,52,65,0,0,1,0,0,0,0,0,0,0
2,6,6,53,68,0,0,1,0,0,0,0,0,0,0
2,5,5,54,67,0,0,1,0,0,0,0,0,0,0
2,4,7,55,69,0,0,1,0,0,0,0,0,0,0
2,5,3,56,67,0,0,1,0,0,0,0,0,0,0
2,5,3,57,68,0,0,1,0,0,0,0,0,0,0
2,4,3,58,68,0,0,1,0,0,0,0,0,0,0
2,5,5,59,72,0,0,1,0,0,0,0,0,0,0
2,5,5,60,75,0,0,1,2,0,0,0,0,0,0
2,5,4,61,73,0,0,1,0,0,0,0,0,0,0
1,5,6,62,75,0,0,1,0,0,0,0,0,0,0
1,6,5,63,76,0,0,1,0,0,0,0,0,0,0
1,5,5,64,76,0,0,1,0,0,0,0,0,0,0
1,6,5,65,78,0,0,1,0,0,0,0,0,0,0
1,8,7,66,83,0,0,1,0,0,0,0,0,0,0
1,7,6,67,82,0,0,1,0,0,0,0,0,0,0
1,7,5,68,82,0,0,1,0,0,0,0,0,0,0
1,7,5,69,83,0,0,1,0,0,0,0,0,0,0
1,6,7,70,85,0,0,1,0,0,0,0,0,0,0
1,7,5,71,85,0,0,1,0,0,0,0,0,0,0
1,8,7,72,89,0,0,1,0,0,0,0,0,0,0
2,6,7,73,89,0,0,1,0,0,0,0,0,0,0
2,7,8,74,92,0,0,1,0,0,0,0,0,0,0
2,7,9,75,94,0,0,1,0,0,0,0,0,0,0
3,6,6,76,92,0,0,1,0,0,0,0,0,0,0
3,6,7,77,94,0,0,1,0,0,0,0,0,0,0
3,7,7,78,96,0,0,1,0,0,0,0,0,0,0
3,7,8,79,98,0,0,1,0,0,0,0,0,0,0
4,6,6,80,97,0,0,1,0,0,0,0,0,0,0
4,6,9,81,101,0,0,1,0,0,0,0,0,0,0
3,7,7,82,100,0,0,1,0,0,0,0,0,0,0
4,7,6,83,100,0,0,0,0,0,0,0,0,0,0
4,6,6,84,100,0,0,0,0,0,0,0,0,0,0
5,6,7,85,103,0,0,0,0,0,0,0,0,0,0
4,6,7,86,104,0,0,1,0,0,0,0,0,0,0
4,6,6,87,103,0,0,0,0,0,0,0,0,0,0
3,4,7,88,102,0,0,0,0,0,0,0,0,0,0
3,6,6,89,105,0,0,1,0,0,0,0,0,0,0
3,5,7,90,105,0,0,0,0,0,0,0,0,0,0
2,6,5,91,104,0,0,0,0,0,0,0,0,0,0
3,5,7,92,107,0,0,0,0,0,0,0,0,0,0
3,6,7,93,109,0,0,0,0,0,0,0,0,0,0
2,11,10,94,117,0,0,0,0,0,0,0,0,0,0
2,5,8,95,110,0,0,0,0,0,0,0,0,0,0
2,5,9,96,112,0,0,0,0,0,0,0,0,0,0
3,5,9,97,114,0,0,0,0,0,0,0,0,0,0
2,6,6,98,112,0,0,0,0,0,0,0,0,0,0
2,4,6,99,111,0,0,0,0,0,0,0,0,0,0
2,4,9,100,116,0,0,1,0,0,0,0,0,0,0
2,4,10,101,118,0,0,1,0,0,0,0,0,0,0
2,4,6,102,115,0,1,0,0,0,0,0,0,0,0
2,4,9,103,120,0,1,1,0,0,0,0,0,0,0
2,4,4,104,115,0,0,1,0,0,0,0,0,0,0
1,4,7,105,118,0,0,1,0,0,0,0,0,0,0
2,6,5,106,120,0,0,1,0,0,0,0,0,0,0
1,4,7,107,120,0,0,1,0,0,0,0,0,0,0
1,4,7,108,121,0,0,1,0,0,0,0,0,0,0
1,7,6,109,124,0,0,1,0,0,0,0,0,0,0
2,7,7,110,127,0,0,1,0,0,0,0,0,0,0
1,6,6,111,124,0,0,0,0,0,0,0,0,0,0
1,6,6,112,125,0,0,0,0,0,0,0,0,0,0
1,6,13,113,133,0,0,0,0,0,0,0,0,0,0
1,8,10,114,133,0,0,0,0,0,0,0,0,0,0
1,6,7,115,130,0,0,1,0,0,0,0,0,0,0
1,6,7,116,131,0,0,1,0,0,0,0,0,0,0
2,7,8,117,135,0,0,1,0,0,0,0,0,0,0
1,5,6,118,131,0,0,1,0,0,0,0,0,0,0
2,6,6,119,134,0,0,1,0,0,0,0,0,0,0
1,6,9,120,137,0,0,1,0,0,0,0,0,0,0
1,8,7,121,139,0,0,1,0,1,0,0,0,0,0
0,8,6,122,137,0,0,1,0,0,0,0,0,0,0
0,7,5,123,136,0,0,1,0,0,0,0,0,0,0
0,6,6,124,138,0,0,1,1,0,0,0,0,0,0
0,7,5,125,138,0,0,1,0,0,0,0,0,0,0
0,7,6,126,140,0,0,1,0,0,0,0,0,0,0
0,8,7,127,142,0,0,0,0,0,0,0,0,0,0
1,10,10,128,149,0,0,0,0,0,0,0,0,0,0
1,7,8,129,147,0,0,1,1,0,0,0,0,0,0
1,8,8,130,148,0,0,1,0,0,0,0,0,0,0
1,8,9,131,150,0,0,1,0,0,0,0,0,0,0
2,8,11,132,153,0,0,0,0,0,0,0,0,0,0
1,9,7,133,150,0,0,0,0,0,0,0,0,0,0
1,9,9,134,153,0,0,0,0,0,0,0,0,0,0
1,7,8,135,151,0,0,0,0,0,0,0,0,0,0
1,6,10,136,153,0,0,0,0,0,0,0,0,0,0
1,5,10,137,153,0,0,0,0,0,0,0,0,0,0
1,6,10,138,155,0,0,0,0,0,0,0,0,0,0
1,8,8,139,156,0,0,0,0,0,0,0,0,0,0
1,7,6,140,154,0,0,0,0,0,0,0,0,0,0
1,7,5,141,154,0,0,0,0,0,0,0,0,0,0
2,7,5,142,156,0,0,0,0,0,0,0,0,0,0
1,6,7,143,157,0,0,0,0,0,0,0,0,0,0
2,5,6,144,157,0,0,0,0,0,0,0,0,0,0
2,8,6,145,161,0,0,0,0,0,0,0,0,0,0
2,8,9,146,165,0,0,0,0,0,0,0,0,0,0
1,7,8,147,163,0,0,0,0,0,0,0,0,0,0
1,7,8,148,164,0,0,0,0,0,0,0,0,0,0
1,8,8,149,166,0,0,0,0,0,0,0,0,0,0
1,8,6,150,165,0,0,0,0,0,0,0,0,0,0
1,6,8,151,166,0,0,0,0,0,0,0,0,0,0
1,8,8,152,169,0,0,0,0,0,0,0,0,0,0
2,8,7,153,170,0,0,0,0,0,0,0,0,0,0
1,8,9,154,172,0,0,0,0,0,0,0,0,0,0
1,9,6,155,171,0,0,0,0,0,0,0,0,0,0
1,8,7,156,172,0,0,0,0,0,0,0,0,0,0
1,8,6,157,172,0,0,0,0,0,0,0,0,0,0
1,7,6,158,172,0,0,0,0,0,0,0,0,0,0
1,7,5,159,172,0,0,0,0,0,0,0,0,0,0
2,7,4,160,173,0,0,0,0,0,0,0,0,0,0
2,8,5,161,176,0,0,0,0,0,0,0,0,0,0
2,7,7,162,178,0,0,0,0,0,0,0,0,0,0
2,5,4,163,174,0,0,0,0,0,0,0,0,0,0
2,5,6,164,177,0,0,0,0,0,0,0,0,0,0
2,5,5,165,177,0,0,0,0,0,0,0,0,0,0
2,6,6,166,180,0,0,0,0,0,0,0,0,0,0
3,5,7,167,182,0,0,0,0,0,0,0,0,0,0
2,5,9,168,184,0,0,0,0,0,0,0,0,0,0
2,7,8,169,186,0,0,0,0,0,0,0,0,0,0
3,9,6,170,188,0,0,0,0,0,0,0,0,0,0
3,9,9,171,192,0,0,0,0,0,0,0,0,0,0
1,9,7,172,189,0,0,0,0,0,0,0,0,0,0
1,7,6,173,187,0,0,0,0,0,0,0,0,0,0
2,9,6,174,191,0,0,0,0,0,0,0,0,0,0
2,10,6,175,193,0,0,0,0,0,0,0,0,0,0
2,9,7,176,194,0,0,0,0,0,0,0,0,0,0
2,9,8,177,196,0,0,0,0,0,0,0,0,0,0
2,9,7,178,196,0,0,0,0,0,0,0,0,0,0
2,10,7,179,198,0,0,0,0,0,0,0,0,0,0
2,9,6,180,197,0,0,0,0,0,0,0,0,0,0
2,8,7,181,198,0,0,0,0,0,0,0,0,0,0
2,11,7,182,202,0,0,0,0,0,0,0,0,0,0
2,8,5,183,198,0,0,0,0,0,0,0,0,0,0
2,10,8,184,204,0,0,0,0,0,0,0,0,0,0
2,9,8,185,204,0,0,0,0,0,0,0,0,0,0
2,8,7,186,203,0,0,0,0,0,0,0,0,0,0
2,7,9,187,205,0,0,0,0,0,0,0,0,0,0
2,7,9,188,206,0,0,0,0,0,0,0,0,0,0
2,8,11,189,210,0,0,0,0,0,0,0,0,0,0
2,8,7,190,207,0,0,0,0,0,0,0,0,0,0
1,9,6,191,207,0,0,0,0,0,0,0,0,0,0
1,8,6,192,207,0,0,0,0,0,0,0,0,0,0
2,8,5,193,208,0,0,0,0,0,0,0,0,0,0
2,8,7,194,211,0,0,0,0,0,0,0,0,0,0
2,8,5,195,210,0,0,0,0,0,0,0,0,0,0
3,9,7,196,215,0,0,0,0,0,0,0,0,0,0
2,10,5,197,214,0,0,0,0,0,0,0,0,0,0
2,11,5,198,216,0,0,0,0,0,0,0,0,0,0
1,10,6,199,216,0,0,0,0,0,0,0,0,0,0
1,8,6,200,215,0,0,0,0,0,0,0,0,0,0
2,10,6,201,219,0,0,0,0,0,0,0,0,0,0
1,10,6,202,219,0,0,0,0,0,0,0,0,0,0
1,8,5,203,217,0,0,0,0,0,0,0,0,0,0
1,11,6,204,222,0,0,0,0,0,0,0,0,0,0
1,10,5,205,221,0,0,0,0,0,0,0,0,0,0
1,10,5,206,222,0,0,0,0,0,0,0,0,0,0
1,11,6,207,225,0,0,0,0,0,0,0,0,0,0
2,10,5,208,225,0,0,0,0,0,0,0,0,0,0
1,10,6,209,226,0,0,0,0,0,0,0,0,0,0
1,10,6,210,227,0,0,0,0,0,0,0,0,0,0
1,9,8,211,229,0,0,0,0,0,0,0,0,0,0
1,12,7,212,232,0,0,0,0,0,0,0,0,0,0
0,10,6,213,229,0,0,0,0,0,0,0,0,0,0
0,11,6,214,231,0,0,0,0,0,0,0,0,0,0
0,11,6,215,232,0,0,0,0,0,0,0,0,0,0
0,9,6,216,232,0,0,0,0,1,0,0,0,0,0
0,9,6,217,232,0,0,0,0,0,0,0,0,0,0
0,10,6,218,234,0,0,0,0,0,0,0,0,0,0
0,12,6,219,237,0,0,0,0,0,0,0,0,0,0
0,8,4,220,233,0,0,0,0,1,0,0,0,0,0
0,10,5,221,236,0,0,0,0,0,0,0,0,0,0
0,11,6,222,239,0,0,0,0,0,0,0,0,0,0
0,11,6,223,240,0,0,0,0,0,0,0,0,0,0
0,11,5,224,240,0,0,0,0,0,0,0,0,0,0
0,13,9,225,247,0,0,0,0,0,0,0,0,0,0
0,12,8,226,246,0,0,0,0,0,0,0,0,0,0
0,14,9,227,250,0,0,0,0,0,0,0,0,0,0
0,13,6,228,247,0,0,0,0,0,0,0,0,0,0
0,10,10,229,249,0,0,0,0,0,0,0,0,0,0
0,13,8,230,251,0,0,0,0,0,0,0,0,0,0
0,14,11,231,256,0,0,0,0,0,0,0,0,0,0
0,13,10,232,255,0,0,0,0,0,0,0,0,0,0
0,12,10,233,255,0,0,0,0,0,0,0,0,0,0
0,13,10,234,257,0,0,0,0,0,0,0,0,0,0
0,12,11,235,258,0,0,0,0,0,0,0,0,0,0
0,11,11,236,258,0,0,0,0,0,0,0,0,0,0
0,11,10,237,258,0,0,0,0,0,0,0,0,0,0
0,9,10,238,257,0,0,0,0,0,0,0,0,0,0
0,9,9,239,257,0,0,0,0,0,0,0,0,0,0
0,12,8,240,260,0,0,0,0,0,0,0,0,0,0
0,10,12,241,263,0,0,0,0,0,0,0,0,0,0
0,8,8,242,258,0,0,0,0,0,0,0,0,0,0
0,8,7,243,258,0,0,0,0,0,0,0,0,0,0
0,8,5,244,257,0,0,0,0,0,0,0,0,0,0
0,9,7,245,261,0,0,0,0,0,0,0,0,0,0
1,10,8,246,265,0,0,0,0,0,0,0,0,0,0
1,8,6,247,262,0,0,0,0,0,0,0,0,0,0
1,9,6,248,264,0,0,0,0,0,0,0,0,0,0
1,9,7,249,266,0,0,0,0,0,0,0,0,0,0
1,7,6,250,264,0,0,0,0,0,0,0,0,0,0
1,6,8,251,266,0,0,0,0,0,0,0,0,0,0
1,9,7,252,269,0,0,0,0,0,0,0,0,0,0
1,8,6,253,268,0,0,0,0,0,0,0,0,0,0
1,9,7,254,271,0,0,0,0,0,0,0,0,0,0
1,10,6,255,272,0,0,0,0,0,0,0,0,0,0
1,9,6,256,272,0,0,0,0,0,0,0,0,0,0
1,7,7,257,272,0,0,0,0,0,0,0,0,0,0
1,8,6,258,273,0,0,0,0,0,0,0,0,0,0
1,7,7,259,274,0,0,0,0,0,0,0,0,0,0
1,9,5,260,275,0,0,0,0,0,0,0,0,0,0
1,8,6,261,276,0,0,0,0,0,0,0,0,0,0
1,7,5,262,275,0,0,0,0,0,0,0,0,0,0
1,8,5,263,277,0,0,0,0,0,0,0,0,0,0
1,9,6,264,280,0,0,0,0,0,0,0,0,0,0
1,8,5,265,279,0,0,0,0,0,0,0,0,0,0
1,9,6,266,282,0,0,0,0,0,0,0,0,0,0
1,11,4,267,283,0,0,0,0,0,0,0,0,0,0
1,10,4,268,283,0,0,0,0,0,0,0,0,0,0
1,11,5,269,286,0,0,0,0,0,0,0,0,0,0
1,11,7,270,289,0,0,0,0,0,0,0,0,0,0
1,11,5,271,288,0,0,0,0,0,0,0,0,0,0
1,11,6,272,290,0,0,0,0,0,0,0,0,0,0
1,10,5,273,289,0,0,0,0,0,0,0,0,0,0
1,7,4,274,286,0,0,0,0,0,0,0,0,0,0
1,8,7,275,291,0,0,0,0,0,0,0,0,0,0
1,9,6,276,292,0,0,0,0,0,0,0,0,0,0
1,9,7,277,294,0,0,0,0,0,0,0,0,0,0
1,6,5,278,290,0,0,0,0,0,0,0,0,0,0
1,5,5,279,291,0,0,0,0,0,1,0,0,0,0
1,8,8,280,297,0,0,0,0,0,0,0,0,0,0
1,7,10,281,300,0,0,0,0,0,1,0,0,0,0
1,7,5,282,295,0,0,0,0,0,0,0,0,0,0
1,10,5,283,299,0,0,0,0,0,0,0,0,0,0
1,9,8,284,302,0,0,0,0,0,0,0,0,0,0
1,8,6,285,300,0,0,0,0,0,0,0,0,0,0
1,7,6,286,301,0,0,0,1,0,0,0,0,0,0
1,6,7,287,301,0,0,0,0,0,0,0,0,0,0
0,5,7,288,300,0,0,0,0,0,0,0,0,0,0
0,6,5,289,300,0,0,0,0,0,0,0,0,0,0
0,9,5,290,304,0,0,0,0,0,0,0,0,0,0
0,12,5,291,308,0,0,0,0,0,0,0,0,0,0
0,11,6,292,309,0,0,0,0,0,0,0,0,0,0
0,10,7,293,310,0,0,0,0,0,0,0,0,0,0
0,11,7,294,312,0,0,0,0,0,0,0,0,0,0
0,9,9,295,313,0,0,0,0,0,0,0,0,0,0
1,10,8,296,315,0,0,0,0,0,0,0,0,0,0
1,10,10,297,318,0,0,0,0,0,0,0,0,0,0
1,9,9,298,317,0,0,0,0,0,0,0,0,0,0
2,9,8,299,318,0,0,0,0,0,0,0,0,0,0
2,9,7,300,318,0,0,0,0,0,0,0,0,0,0
1,10,6,301,318,0,0,0,0,0,0,0,0,0,0
1,8,9,302,320,0,0,0,0,0,0,0,0,0,0
2,10,8,303,323,0,0,0,0,0,0,0,0,0,0
1,6,7,304,318,0,0,0,0,0,0,0,0,0,0
1,8,7,305,321,0,0,0,0,0,0,0,0,0,0
1,9,9,306,325,0,0,0,0,0,0,0,0,0,0
1,10,8,307,326,0,0,0,0,0,0,0,0,0,0
1,10,9,308,328,0,0,0,0,0,0,0,0,0,0
0,13,8,309,331,0,0,0,0,1,0,0,0,0,0
1,12,9,310,332,0,0,0,0,0,0,0,0,0,0
0,11,8,311,330,0,0,0,0,0,0,0,0,0,0
0,13,11,312,336,0,0,0,0,0,0,0,0,0,0
0,14,10,313,337,0,0,0,0,0,0,0,0,0,0
1,10,10,314,335,0,0,0,0,0,0,0,0,0,0
1,12,11,315,339,0,0,0,0,0,0,0,0,0,0
1,12,10,316,339,0,0,0,0,0,0,0,0,0,0
0,10,11,317,338,0,0,0,0,0,0,0,0,0,0
0,10,9,318,337,0,0,0,0,0,0,0,0,0,0
0,10,10,319,339,0,0,0,0,0,0,0,0,0,0
0,10,8,320,338,0,0,0,0,0,0,0,0,0,0
0,10,7,321,338,0,0,0,0,0,0,0,0,0,0
0,9,9,322,340,0,0,0,0,0,0,0,0,0,0
0,8,7,323,338,0,0,0,0,0,0,0,0,0,0
0,10,10,324,344,0,0,0,0,0,0,0,0,0,0
0,9,8,325,343,0,0,0,1,0,0,0,0,0,0
0,11,6,326,343,0,0,0,0,0,0,0,0,0,0
0,11,8,327,346,0,0,0,0,0,0,0,0,0,0
0,9,7,328,344,0,0,0,0,0,0,0,0,0,0
1,7,5,329,342,0,0,0,0,0,0,0,0,0,0
1,9,10,330,350,0,0,0,0,0,0,0,0,0,0
1,9,8,331,349,0,0,0,0,0,0,0,0,0,0
1,10,10,332,353,0,0,0,0,0,0,0,0,0,0
1,9,10,333,354,0,0,0,1,0,0,0,0,0,0
1,9,9,334,354,0,0,0,1,0,0,0,0,0,0
1,9,10,335,356,0,0,0,1,0,0,0,0,0,0
1,9,6,336,353,0,0,0,1,0,0,0,0,0,0
1,6,9,337,354,0,0,0,1,0,0,0,0,0,0
1,8,10,338,357,0,0,0,0,0,0,0,0,0,0
1,6,10,339,357,0,0,0,1,0,0,0,0,0,0
0,9,10,340,360,0,0,0,1,0,0,0,0,0,0
0,8,10,341,360,0,0,0,1,0,0,0,0,0,0
1,10,10,342,364,0,0,0,1,0,0,0,0,0,0
3,9,8,343,364,0,0,0,1,0,0,0,0,0,0
1,7,8,344,362,0,0,0,2,0,0,0,0,0,0
1,7,10,345,365,0,0,0,2,0,0,0,0,0,0
1,7,11,346,366,0,0,0,1,0,0,0,0,0,0
1,8,8,347,365,0,0,0,1,0,0,0,0,0,0
1,9,9,348,369,0,0,0,2,0,0,0,0,0,0
1,6,8,349,365,0,0,0,1,0,0,0,0,0,0
1,6,8,350,366,0,0,0,1,0,0,0,0,0,0
1,5,9,351,367,0,0,0,1,0,0,0,0,0,0
1,7,6,352,367,0,0,0,1,0,0,0,0,0,0
1,7,8,353,370,0,0,0,1,0,0,0,0,0,0
1,5,10,354,371,0,0,0,1,0,0,0,0,0,0
1,5,6,355,368,0,0,0,1,0,0,0,0,0,0
1,4,6,356,368,0,0,0,1,0,0,0,0,0,0
2,3,6,357,369,0,0,0,1,0,0,0,0,0,0
1,6,7,358,373,0,0,0,1,0,0,0,0,0,0
1,5,5,359,372,0,0,0,2,0,0,0,0,0,0
1,4,7,360,373,0,0,0,1,0,0,0,0,0,0
1,5,8,361,376,0,0,0,1,0,0,0,0,0,0
1,7,7,362,378,0,0,0,1,0,0,0,0,0,0
1,7,6,363,379,0,0,0,2,0,0,0,0,0,0
1,6,5,364,377,0,0,0,1,0,0,0,0,0,0
1,4,4,365,376,0,0,1,1,0,0,0,0,0,0
1,5,6,366,379,0,0,0,1,0,0,0,0,0,0
1,5,5,367,379,0,0,0,1,0,0,0,0,0,0
1,6,5,368,381,0,0,0,1,0,0,0,0,0,0
1,5,4,369,380,0,0,0,1,0,0,0,0,0,0
1,7,4,370,382,0,0,0,0,0,0,0,0,0,0
1,5,4,371,382,0,0,0,1,0,0,0,0,0,0
1,5,4,372,383,0,0,0,1,0,0,0,0,0,0
1,5,4,373,383,0,0,0,0,0,0,0,0,0,0
1,6,3,374,384,0,0,0,0,0,0,0,0,0,0
1,7,3,375,387,0,0,1,0,0,0,0,0,0,0
1,7,5,376,389,0,0,0,0,0,0,0,0,0,0
1,7,6,377,392,0,0,1,0,0,0,0,0,0,0
1,5,4,378,388,0,0,0,0,0,0,0,0,0,0
1,8,6,379,395,0,0,1,0,0,0,0,0,0,0
1,8,3,380,393,0,0,1,0,0,0,0,0,0,0
1,4,8,381,394,0,0,0,0,0,0,0,0,0,0
1,6,6,382,396,0,0,1,0,0,0,0,0,0,0
1,4,5,383,394,0,0,1,0,0,0,0,0,0,0
1,6,5,384,398,0,0,2,0,0,0,0,0,0,0
1,5,5,385,397,0,1,0,0,0,0,0,0,0,0
1,8,7,386,404,0,0,2,0,0,0,0,0,0,0
1,10,5,387,404,0,0,1,0,0,0,0,0,0,0
2,6,4,388,401,0,0,1,0,0,0,0,0,0,0
2,7,5,389,404,0,0,1,0,0,0,0,0,0,0
1,7,3,390,402,0,0,1,0,0,0,0,0,0,0
1,6,6,391,405,0,0,1,0,0,0,0,0,0,0
1,6,4,392,404,0,0,1,0,0,0,0,0,0,0
1,7,4,393,406,0,0,1,0,0,0,0,0,0,0
1,7,3,394,406,0,0,1,0,0,0,0,0,0,0
1,4,3,395,404,0,0,1,0,0,0,0,0,0,0
1,8,2,396,408,0,0,1,0,0,0,0,0,0,0
1,9,3,397,411,0,0,1,0,0,0,0,0,0,0
1,10,5,398,415,0,0,1,0,0,0,0,0,0,0
1,8,4,399,413,0,0,1,0,0,0,0,0,0,0
1,7,2,400,412,0,1,1,0,0,0,0,0,0,0
1,9,3,401,415,0,0,1,0,0,0,0,0,0,0
1,9,2,402,415,0,0,1,0,0,0,0,0,0,0
1,7,3,403,415,0,0,1,0,0,0,0,0,0,0
1,7,5,404,418,0,0,1,0,0,0,0,0,0,0
1,8,4,405,419,0,0,1,0,0,0,0,0,0,0
1,8,2,406,418,0,0,1,0,0,0,0,0,0,0
1,9,3,407,421,0,0,1,0,0,0,0,0,0,0
1,4,2,408,416,0,0,1,0,0,0,0,0,0,0
1,5,1,409,417,0,0,1,0,0,0,0,0,0,0
1,3,2,410,417,0,0,1,0,0,0,0,0,0,0
1,3,2,411,418,0,0,1,0,0,0,0,0,0,0
1,3,2,412,419,0,0,1,0,0,0,0,0,0,0
1,5,2,413,422,0,0,1,0,0,0,0,0,0,0
1,6,2,414,424,0,0,1,0,0,0,0,0,0,0
1,3,2,415,422,0,0,1,0,0,0,0,0,0,0
2,4,2,416,425,0,0,1,0,0,0,0,0,0,0
2,3,1,417,424,0,0,1,0,0,0,0,0,0,0
2,1,1,418,423,0,0,1,0,0,0,0,0,0,0
2,5,1,419,428,0,0,1,0,0,0,0,0,0,0
2,5,1,420,429,0,0,1,0,0,0,0,0,0,0
2,6,2,421,432,0,0,1,0,0,0,0,0,0,0
2,6,1,422,432,0,0,1,0,0,0,0,0,0,0
2,3,1,423,430,0,0,1,0,0,0,0,0,0,0
2,5,1,424,433,0,0,1,0,0,0,0,0,0,0
2,5,1,425,434,0,0,1,0,0,0,0,0,0,0
2,5,1,426,435,0,0,1,0,0,0,0,0,0,0
2,4,1,427,435,0,0,1,0,0,0,0,0,0,0
3,5,1,428,438,0,0,1,0,0,0,0,0,0,0
2,4,1,429,437,0,0,1,0,0,0,0,0,0,0
3,6,1,430,441,0,0,1,0,0,0,0,0,0,0
2,7,1,431,442,0,0,1,0,0,0,0,0,0,0
2,4,4,432,443,0,0,1,0,0,0,0,0,0,0
2,4,2,433,442,0,0,1,0,0,0,0,0,0,0
2,6,3,434,446,0,0,1,0,0,0,0,0,0,0
2,4,3,435,445,0,0,1,0,0,0,0,0,0,0
2,5,4,436,448,0,0,1,0,0,0,0,0,0,0
2,5,2,437,447,0,0,1,0,0,0,0,0,0,0
2,4,2,438,447,0,0,1,0,0,0,0,0,0,0
2,3,2,439,447,0,0,1,0,0,0,0,0,0,0
2,4,2,440,449,0,0,1,0,0,0,0,0,0,0
2,4,3,441,451,0,0,1,0,0,0,0,0,0,0
2,4,3,442,453,0,1,1,0,0,0,0,0,0,0
2,4,1,443,451,0,0,1,0,0,0,0,0,0,0
2,4,2,444,453,0,0,1,0,0,0,0,0,0,0
2,5,2,445,455,0,0,1,0,0,0,0,0,0,0
2,8,2,446,459,0,0,1,0,0,0,0,0,0,0
2,4,2,447,457,0,1,1,0,0,0,0,0,0,0
2,5,2,448,458,0,0,1,0,0,0,0,0,0,0
2,6,2,449,460,0,0,1,0,0,0,0,0,0,0
2,5,1,450,459,0,0,1,0,0,0,0,0,0,0
2,4,2,451,460,0,0,1,0,0,0,0,0,0,0
2,3,2,452,460,0,0,1,0,0,0,0,0,0,0
2,4,1,453,462,0,0,2,0,0,0,0,0,0,0
2,4,2,454,463,0,0,1,0,0,0,0,0,0,0
2,3,1,455,463,0,1,1,0,0,0,0,0,0,0
2,2,2,456,463,0,0,1,0,0,0,0,0,0,0
2,4,2,457,467,0,1,1,0,0,0,0,0,0,0
2,3,2,458,468,0,2,1,0,0,0,0,0,0,0
2,4,2,459,470,0,2,1,0,0,0,0,0,0,0
1,4,3,460,469,0,0,1,0,0,0,0,0,0,0
1,6,4,461,473,0,0,1,0,0,0,0,0,0,0
1,5,4,462,473,0,0,1,0,0,0,0,0,0,0
1,4,4,463,473,0,0,1,0,0,0,0,0,0,0
1,5,4,464,475,0,0,1,0,0,0,0,0,0,0
1,4,4,465,475,0,0,1,0,0,0,0,0,0,0
2,3,5,466,477,0,0,1,0,0,0,0,0,0,0
2,6,4,467,480,0,0,1,0,0,0,0,0,0,0
2,3,4,468,479,0,0,2,0,0,0,0,0,0,0
1,4,4,469,480,0,0,2,0,0,0,0,0,0,0
1,4,4,470,481,0,0,2,0,0,0,0,0,0,0
2,3,4,471,482,0,0,2,0,0,0,0,0,0,0
2,2,5,472,483,0,0,2,0,0,0,0,0,0,0
2,4,3,473,484,0,0,2,0,0,0,0,0,0,0
2,2,4,474,484,0,0,2,0,0,0,0,0,0,0
1,3,4,475,485,0,0,2,0,0,0,0,0,0,0
0,2,3,476,483,0,0,2,0,0,0,0,0,0,0
0,3,3,477,485,0,0,2,0,0,0,0,0,0,0
1,5,3,478,489,0,0,2,0,0,0,0,0,0,0
1,4,3,479,489,0,0,2,0,0,0,0,0,0,0
1,4,3,480,489,0,0,1,0,0,0,0,0,0,0
2,2,2,481,489,0,0,2,0,0,0,0,0,0,0
2,3,3,482,492,0,0,2,0,0,0,0,0,0,0
1,3,2,483,491,0,0,2,0,0,0,0,0,0,0
1,3,2,484,492,0,0,2,0,0,0,0,0,0,0
1,4,2,485,493,0,0,1,0,0,0,0,0,0,0
1,4,2,486,494,0,0,1,0,0,0,0,0,0,0
1,3,2,487,494,0,0,1,0,0,0,0,0,0,0
1,4,3,488,497,0,0,1,0,0,0,0,0,0,0
1,4,2,489,497,0,0,1,0,0,0,0,0,0,0
1,4,2,490,499,0,0,2,0,0,0,0,0,0,0
2,3,3,491,500,0,0,1,0,0,0,0,0,0,0
1,2,2,492,498,0,0,1,0,0,0,0,0,0,0
1,3,2,493,500,0,0,1,0,0,0,0,0,0,0
2,3,2,494,502,0,0,1,0,0,0,0,0,0,0
1,3,3,495,503,0,0,1,0,0,0,0,0,0,0
1,3,2,496,503,0,0,1,0,0,0,0,0,0,0
1,3,2,497,504,0,0,1,0,0,0,0,0,0,0
1,4,2,498,506,0,0,1,0,0,0,0,0,0,0
1,2,2,499,505,0,0,1,0,0,0,0,0,0,0
1,2,2,500,506,0,0,1,0,0,0,0,0,0,0
1,2,2,501,507,0,0,1,0,0,0,0,0,0,0
1,2,2,502,508,0,0,1,0,0,0,0,0,0,0
1,2,2,503,509,0,0,1,0,0,0,0,0,0,0
1,2,2,504,510,0,0,1,0,0,0,0,0,0,0
2,2,2,505,513,0,0,2,0,0,0,0,0,0,0
1,3,2,506,514,0,0,2,0,0,0,0,0,0,0
1,3,3,507,516,0,0,2,0,0,0,0,0,0,0
1,3,3,508,517,0,0,2,0,0,0,0,0,0,0
1,2,3,509,517,0,0,2,0,0,0,0,0,0,0
1,2,4,510,519,0,0,2,0,0,0,0,0,0,0
1,2,4,511,520,0,0,2,0,0,0,0,0,0,0
0,2,3,512,520,0,0,3,0,0,0,0,0,0,0
1,3,3,513,522,0,0,2,0,0,0,0,0,0,0
1,3,3,514,523,0,0,2,0,0,0,0,0,0,0
1,3,2,515,523,0,0,2,0,0,0,0,0,0,0
1,3,2,516,524,0,0,2,0,0,0,0,0,0,0
1,3,3,517,526,0,0,2,0,0,0,0,0,0,0
1,2,2,518,525,0,0,2,0,0,0,0,0,0,0
1,1,2,519,525,0,0,2,0,0,0,0,0,0,0
1,2,2,520,527,0,0,2,0,0,0,0,0,0,0
1,2,3,521,529,0,0,2,0,0,0,0,0,0,0
1,3,3,522,531,0,0,2,0,0,0,0,0,0,0
1,2,3,523,531,0,0,2,0,0,0,0,0,0,0
1,1,3,524,531,0,0,2,0,0,0,0,0,0,0
1,1,2,525,531,0,0,2,0,0,0,0,0,0,0
1,1,3,526,534,0,1,2,0,0,0,0,0,0,0
1,2,3,527,536,0,1,2,0,0,0,0,0,0,0
1,1,3,528,535,0,0,2,0,0,0,0,0,0,0
1,1,3,529,537,0,1,2,0,0,0,0,0,0,0
1,1,3,530,537,0,0,2,0,0,0,0,0,0,0
1,1,3,531,539,0,1,2,0,0,0,0,0,0,0
1,1,2,532,539,0,1,2,0,0,0,0,0,0,0
1,1,2,533,539,0,0,2,0,0,0,0,0,0,0
1,1,2,534,541,0,1,2,0,0,0,0,0,0,0
1,1,2,535,541,0,0,2,0,0,0,0,0,0,0
0,1,2,536,541,0,0,2,0,0,0,0,0,0,0
1,1,3,537,544,0,0,2,0,0,0,0,0,0,0
0,2,2,538,546,0,1,3,0,0,0,0,0,0,0
0,1,4,539,547,0,1,2,0,0,0,0,0,0,0
0,1,2,540,546,0,1,2,0,0,0,0,0,0,0
1,1,4,541,550,0,1,2,0,0,0,0,0,0,0
1,1,3,542,550,0,0,3,0,0,0,0,0,0,0
1,1,3,543,551,0,0,3,0,0,0,0,0,0,0
1,1,3,544,552,0,0,3,0,0,0,0,0,0,0
1,2,4,545,555,0,0,3,0,0,0,0,0,0,0
1,1,3,546,554,0,0,3,0,0,0,0,0,0,0
1,2,3,547,557,0,0,4,0,0,0,0,0,0,0
1,2,2,548,557,0,0,4,0,0,0,0,0,0,0
2,2,4,549,560,0,0,3,0,0,0,0,0,0,0
1,1,3,550,559,0,0,4,0,0,0,0,0,0,0
1,1,3,551,561,1,1,3,0,0,0,0,0,0,0
1,1,2,552,559,0,1,2,0,0,0,0,0,0,0
1,1,3,553,564,0,2,4,0,0,0,0,0,0,0
1,1,4,554,565,0,1,2,0,0,0,2,0,0,0
1,1,5,555,565,0,1,2,0,0,0,0,0,0,0
1,1,3,556,567,0,2,4,0,0,0,0,0,0,0
1,1,2,557,566,0,1,4,0,0,0,0,0,0,0
1,1,2,558,567,0,2,3,0,0,0,0,0,0,0
1,1,2,559,570,0,3,4,0,0,0,0,0,0,0
1,1,3,560,570,1,0,4,0,0,0,0,0,0,0
1,1,2,561,573,1,4,3,0,0,0,0,0,0,0
1,1,3,562,575,0,3,5,0,0,0,0,0,0,0
0,1,2,563,571,0,2,3,0,0,0,0,0,0,0
0,2,3,564,577,0,2,6,0,0,0,0,0,0,0
0,1,2,565,574,0,1,5,0,0,0,0,0,0,0
0,1,3,566,576,0,1,5,0,0,0,0,0,0,0
0,1,2,567,575,0,0,5,0,0,0,0,0,0,0
0,1,2,568,578,0,2,5,0,0,0,0,0,0,0
0,2,1,569,579,0,2,5,0,0,0,0,0,0,0
0,2,2,570,580,0,1,5,0,0,0,0,0,0,0
0,1,1,571,579,0,1,5,0,0,0,0,0,0,0
0,2,3,572,582,0,1,4,0,0,0,0,0,0,0
0,2,2,573,584,0,2,5,0,0,0,0,0,0,0
0,2,3,574,584,0,1,4,0,0,0,0,0,0,0
1,2,3,575,587,0,1,5,0,0,0,0,0,0,0
0,1,2,576,584,0,1,4,0,0,0,0,0,0,0
1,1,2,577,586,0,0,5,0,0,0,0,0,0,0
0,1,2,578,586,0,0,5,0,0,0,0,0,0,0
1,1,3,579,590,0,1,5,0,0,0,0,0,0,0
1,1,2,580,589,0,0,5,0,0,0,0,0,0,0
1,1,2,581,591,0,0,6,0,0,0,0,0,0,0
1,1,2,582,592,0,1,5,0,0,0,0,0,0,0
3,1,3,583,595,0,0,5,0,0,0,0,0,0,0
2,1,2,584,592,0,0,3,0,0,0,0,0,0,0
2,1,2,585,594,0,0,4,0,0,0,0,0,0,0
2,1,2,586,594,0,0,3,0,0,0,0,0,0,0
2,1,3,587,595,0,0,2,0,0,0,0,0,0,0
1,2,3,588,597,0,0,3,0,0,0,0,0,0,0
1,1,0,589,594,1,0,2,0,0,0,0,0,0,0
1,0,0,590,594,0,0,3,0,0,0,0,0,0,0
1,0,1,591,596,1,0,2,0,0,0,0,0,0,0
1,0,1,592,597,1,0,2,0,0,0,0,0,0,0
2,0,1,593,599,1,0,2,0,0,0,0,0,0,0
2,1,0,594,600,1,0,2,0,0,0,0,0,0,0
1,0,1,595,602,2,0,3,0,0,0,0,0,0,0
1,0,0,596,600,1,0,2,0,0,0,0,0,0,0
1,0,0,597,601,1,0,2,0,0,0,0,0,0,0
1,0,0,598,603,1,0,3,0,0,0,0,0,0,0
1,0,0,599,604,1,0,3,0,0,0,0,0,0,0
1,0,0,600,605,1,0,3,0,0,0,0,0,0,0
1,0,0,601,606,1,0,3,0,0,0,0,0,0,0
1,0,0,602,606,0,0,3,0,0,0,0,0,0,0
1,0,0,603,607,0,0,3,0,0,0,0,0,0,0
1,0,1,604,608,0,0,2,0,0,0,0,0,0,0
1,0,0,605,609,0,0,3,0,0,0,0,0,0,0
1,0,0,606,610,1,0,2,0,0,0,0,0,0,0
1,0,0,607,611,1,0,2,0,0,0,0,0,0,0
2,0,0,608,614,1,0,3,0,0,0,0,0,0,0
1,0,0,609,613,0,0,3,0,0,0,0,0,0,0
0,0,0,610,614,1,0,3,0,0,0,0,0,0,0
0,0,0,611,615,1,0,3,0,0,0,0,0,0,0
1,0,0,612,616,1,1,1,0,0,0,0,0,0,0
1,0,0,613,617,0,1,2,0,0,0,0,0,0,0
1,0,0,614,618,1,1,1,0,0,0,0,0,0,0
1,0,0,615,620,1,1,2,0,0,0,0,0,0,0
0,0,1,616,620,0,1,2,0,0,0,0,0,0,0
0,0,1,617,621,0,1,2,0,0,0,0,0,0,0
0,0,1,618,621,0,0,2,0,0,0,0,0,0,0
1,0,1,619,624,0,0,3,0,0,0,0,0,0,0
0,0,1,620,623,0,0,2,0,0,0,0,0,0,0
0,0,1,621,626,0,1,3,0,0,0,0,0,0,0
0,0,1,622,627,0,2,2,0,0,0,0,0,0,0
0,0,1,623,629,0,2,3,0,0,0,0,0,0,0
0,0,1,624,629,0,1,3,0,0,0,0,0,0,0
0,0,1,625,631,0,2,3,0,0,0,0,0,0,0
0,0,1,626,631,0,2,2,0,0,0,0,0,0,0
0,0,3,627,633,0,2,1,0,0,0,0,0,0,0
0,0,2,628,634,0,2,2,0,0,0,0,0,0,0
0,0,2,629,635,0,2,2,0,0,0,0,0,0,0
1,0,2,630,636,0,2,1,0,0,0,0,0,0,0
0,0,2,631,635,0,2,0,0,0,0,0,0,0,0
0,0,2,632,637,0,1,2,0,0,0,0,0,0,0
0,0,2,633,638,0,1,2,0,0,0,0,0,0,0
0,0,1,634,637,0,1,1,0,0,0,0,0,0,0
0,0,1,635,639,0,1,2,0,0,0,0,0,0,0
0,0,1,636,641,0,2,2,0,0,0,0,0,0,0
0,0,3,637,644,0,2,2,0,0,0,0,0,0,0
0,1,1,638,644,0,2,2,0,0,0,0,0,0,0
0,1,2,639,646,0,2,2,0,0,0,0,0,0,0
0,1,2,640,646,0,1,2,0,0,0,0,0,0,0
0,1,2,641,647,1,0,2,0,0,0,0,0,0,0
0,1,4,642,649,0,0,2,0,0,0,0,0,0,0
0,1,4,643,651,1,0,2,0,0,0,0,0,0,0
0,1,4,644,653,1,1,2,0,0,0,0,0,0,0
0,1,4,645,653,0,1,2,0,0,0,0,0,0,0
0,1,3,646,653,0,1,2,0,0,0,0,0,0,0
0,1,3,647,653,0,0,2,0,0,0,0,0,0,0
0,1,3,648,654,0,0,2,0,0,0,0,0,0,0
0,1,3,649,656,0,1,2,0,0,0,0,0,0,0
0,1,3,650,657,0,1,2,0,0,0,0,0,0,0
0,1,4,651,658,0,0,2,0,0,0,0,0,0,0
0,1,2,652,658,0,1,2,0,0,0,0,0,0,0
0,1,2,653,659,0,1,2,0,0,0,0,0,0,0
1,1,1,654,659,0,0,2,0,0,0,0,0,0,0
0,1,1,655,659,0,0,2,0,0,0,0,0,0,0
0,1,1,656,661,0,1,2,0,0,0,0,0,0,0
0,2,1,657,664,0,2,2,0,0,0,0,0,0,0
0,1,1,658,664,0,2,2,0,0,0,0,0,0,0
0,1,1,659,664,0,1,2,0,0,0,0,0,0,0
0,2,1,660,665,0,0,2,0,0,0,0,0,0,0
0,1,1,661,665,0,0,2,0,0,0,0,0,0,0
0,1,1,662,666,0,0,2,0,0,0,0,0,0,0
0,1,1,663,667,0,0,2,0,0,0,0,0,0,0
0,1,1,664,668,0,0,2,0,0,0,0,0,0,0
0,1,1,665,670,0,1,2,0,0,0,0,0,0,0
0,1,1,666,670,0,0,2,0,0,0,0,0,0,0
0,1,1,667,671,0,0,2,0,0,0,0,0,0,0
0,1,1,668,672,0,0,2,0,0,0,0,0,0,0
0,1,2,669,674,0,0,2,0,0,0,0,0,0,0
0,1,3,670,676,0,0,2,0,0,0,0,0,0,0
0,1,2,671,676,0,0,2,0,0,0,0,0,0,0
0,1,2,672,678,0,0,3,0,0,0,0,0,0,0
0,1,2,673,678,0,0,2,0,0,0,0,0,0,0
0,1,2,674,679,0,0,2,0,0,0,0,0,0,0
1,1,2,675,681,0,0,2,0,0,0,0,0,0,0
1,1,2,676,682,0,0,2,0,0,0,0,0,0,0
1,2,3,677,685,0,0,2,0,0,0,0,0,0,0
1,1,3,678,685,0,0,2,0,0,0,0,0,0,0
1,1,3,679,687,0,0,2,0,0,0,0,1,0,0
1,1,3,680,689,0,0,3,1,0,0,0,0,0,0
0,1,5,681,691,0,0,3,1,0,0,0,0,0,0
0,2,3,682,692,1,1,2,1,0,0,0,0,0,0
0,2,4,683,693,0,1,2,1,0,0,0,0,0,0
0,1,3,684,694,1,1,3,1,0,0,0,0,0,0
0,1,4,685,697,1,1,4,1,0,0,0,0,0,0
0,1,3,686,695,0,1,3,1,0,0,0,0,0,0
0,1,3,687,694,0,0,2,1,0,0,0,0,0,0
0,1,4,688,697,1,0,2,1,0,0,0,0,0,0
0,1,4,689,698,1,0,2,1,0,0,0,0,0,0
0,1,3,690,698,1,0,2,1,0,0,0,0,0,0
1,2,3,691,702,1,1,2,1,0,0,0,0,0,0
3,1,3,692,704,1,1,2,1,0,0,0,0,0,0
3,0,2,693,704,2,0,3,1,0,0,0,0,0,0
2,0,2,694,704,1,1,3,1,0,0,0,0,0,0
1,0,2,695,704,1,1,2,2,0,0,0,0,0,0
1,0,2,696,706,2,2,2,1,0,0,0,0,0,0
1,0,2,697,706,0,2,2,2,0,0,0,0,0,0
1,0,2,698,706,0,1,2,2,0,0,0,0,0,0
1,0,2,699,707,0,1,2,2,0,0,0,0,0,0
1,0,2,700,709,0,2,2,2,0,0,0,0,0,0
1,0,2,701,708,0,1,2,1,0,0,0,0,0,0
1,0,1,702,709,0,1,2,2,0,0,0,0,0,0
1,0,1,703,709,0,0,2,1,0,0,0,0,1,0
1,0,2,704,710,0,0,2,1,0,0,0,0,0,0
2,0,2,705,711,0,0,1,1,0,0,0,0,0,0
1,0,2,706,713,0,0,2,2,0,0,0,0,0,0
2,0,3,707,716,0,0,2,2,0,0,0,0,0,0
1,1,2,708,716,0,0,2,2,0,0,0,0,0,0
1,1,4,709,717,0,0,1,1,0,0,0,0,0,0
1,0,3,710,718,0,0,2,2,0,0,0,0,0,0
3,0,4,711,723,0,0,2,3,0,0,0,0,0,0
3,0,3,712,721,0,0,1,2,0,0,0,0,0,0
3,0,3,713,724,0,0,2,3,0,0,0,0,0,0
2,1,3,714,723,0,0,1,2,0,0,0,0,0,0
2,1,3,715,724,0,0,1,2,0,0,0,0,0,0
3,1,3,716,726,0,0,1,2,0,0,0,0,0,0
3,1,3,717,727,0,0,1,2,0,0,0,0,0,0
3,1,4,718,730,0,0,1,3,0,0,0,0,0,0
2,1,3,719,728,0,0,1,2,0,0,0,0,0,0
2,1,3,720,729,0,0,1,2,0,0,0,0,0,0
2,1,4,721,732,0,0,1,3,0,0,0,0,0,0
2,2,4,722,734,0,0,1,3,0,0,0,0,0,0
3,2,4,723,734,0,0,0,2,0,0,0,0,0,0
3,1,4,724,734,0,0,0,2,0,0,0,0,0,0
4,1,5,725,737,0,0,0,2,0,0,0,0,0,0
4,1,4,726,739,0,0,1,3,0,0,0,0,0,0
4,1,3,727,739,0,0,1,3,0,0,0,0,0,0
3,1,4,728,738,0,0,0,2,0,0,0,0,0,0
2,1,5,729,739,0,0,0,2,0,0,0,0,0,0
3,2,6,730,744,0,0,0,3,0,0,0,0,0,0
2,1,4,731,740,0,0,0,2,0,0,0,0,0,0
1,2,5,732,742,0,0,0,2,0,0,0,0,0,0
1,3,3,733,742,0,0,0,2,0,0,0,0,0,0
1,2,3,734,742,0,0,0,2,0,0,0,0,0,0
1,2,3,735,744,0,0,0,3,0,0,0,0,0,0
1,2,3,736,744,0,0,0,2,0,0,0,0,0,0
1,1,3,737,745,0,0,0,3,0,0,0,0,0,0
2,1,4,738,748,0,0,0,3,0,0,0,0,0,0
2,1,3,739,748,0,0,0,3,0,0,0,0,0,0
2,1,3,740,748,0,0,0,2,0,0,0,0,0,0
2,1,3,741,749,0,0,0,2,0,0,0,0,0,0
3,1,4,742,752,0,0,0,2,0,0,0,0,0,0
2,1,3,743,750,0,0,0,1,0,0,0,0,0,0
3,1,3,744,753,0,0,0,2,0,0,0,0,0,0
2,1,3,745,753,0,0,0,2,0,0,0,0,0,0
3,1,3,746,755,0,0,0,2,0,0,0,0,0,0
3,1,5,747,758,0,0,0,2,0,0,0,0,0,0
2,1,3,748,756,0,0,0,2,0,0,0,0,0,0
2,1,4,749,757,0,0,0,1,0,0,0,0,0,0
3,1,3,750,758,0,0,0,1,0,0,0,0,0,0
3,1,4,751,761,0,0,0,2,0,0,0,0,0,0
2,1,3,752,760,0,0,1,1,0,0,0,0,0,0
1,1,4,753,761,0,0,1,1,0,0,0,0,0,0
2,1,3,754,762,0,0,0,2,0,0,0,0,0,0
0,2,3,755,763,0,0,1,2,0,0,0,0,0,0
2,3,3,756,766,0,0,1,1,0,0,0,0,0,0
1,2,5,757,767,0,0,1,1,0,0,0,0,0,0
3,1,5,758,769,0,0,1,1,0,0,0,0,0,0
3,1,4,759,769,0,0,1,1,0,0,0,0,0,0
2,2,4,760,770,0,0,1,1,0,0,0,0,0,0
2,2,3,761,769,0,0,0,1,0,0,0,0,0,0
3,1,4,762,772,0,0,1,1,0,0,0,0,0,0
4,2,3,763,774,0,0,1,1,0,0,0,0,0,0
4,2,3,764,775,0,0,1,1,0,0,0,0,0,0
4,2,2,765,775,0,0,0,1,1,0,0,0,0,0
4,2,3,766,775,0,0,0,0,0,0,0,0,0,0
4,1,3,767,776,0,0,0,1,0,0,0,0,0,0
3,2,3,768,778,0,0,1,1,0,0,0,0,0,0
4,1,3,769,779,0,0,1,1,0,0,0,0,0,0
3,1,2,770,778,0,0,1,1,0,0,0,0,0,0
3,1,2,771,779,0,0,1,1,0,0,0,0,0,0
3,2,3,772,781,0,0,1,0,0,0,0,0,0,0
3,2,2,773,781,0,0,1,0,0,0,0,0,0,0
3,2,3,774,782,0,0,0,0,0,0,0,0,0,0
2,2,2,775,781,0,0,0,0,0,0,0,0,0,0
4,2,2,776,785,0,0,0,1,0,0,0,0,0,0
4,2,2,777,785,0,0,0,0,0,0,0,0,0,0
4,2,2,778,787,0,0,1,0,0,0,0,0,0,0
5,2,4,779,790,0,0,0,0,0,0,0,0,0,0
2,2,2,780,788,0,0,2,0,0,0,0,0,0,0
5,2,3,781,791,0,0,0,0,0,0,0,0,0,0
4,2,4,782,792,0,0,0,0,0,0,0,0,0,0
4,3,4,783,795,0,0,1,0,0,0,0,0,0,0
5,2,4,784,796,0,1,0,0,0,0,0,0,0,0
5,2,3,785,797,0,1,1,0,0,0,0,0,0,0
4,2,3,786,796,0,0,1,0,0,0,0,0,0,0
3,2,3,787,796,0,0,1,0,0,0,0,0,0,0
4,2,4,788,799,0,0,1,0,0,0,0,0,0,0
4,2,3,789,799,0,0,1,0,0,0,0,0,0,0
4,3,3,790,801,0,0,1,0,0,0,0,0,0,0
5,3,2,791,802,0,0,1,0,0,0,0,0,0,0
4,2,3,792,802,0,0,1,0,0,0,0,0,0,0
4,2,3,793,803,0,0,1,0,0,0,0,0,0,0
5,2,2,794,804,0,0,1,0,0,0,0,0,0,0
5,3,2,795,806,0,0,1,0,0,0,0,0,0,0
4,3,2,796,806,0,0,1,0,0,0,0,0,0,0
4,3,2,797,807,0,0,1,0,0,0,0,0,0,0
5,4,3,798,811,0,0,1,0,0,0,0,0,0,0
4,3,2,799,809,0,0,1,0,0,0,0,0,0,0
4,3,3,800,811,0,0,1,0,0,0,0,0,0,0
4,4,3,801,813,0,0,1,0,0,0,0,0,0,0
3,6,4,802,816,0,0,1,0,0,0,0,0,0,0
3,5,4,803,816,0,0,1,0,0,0,0,0,0,0
3,4,4,804,816,0,0,1,0,0,0,0,0,0,0
3,4,6,805,819,0,0,1,0,0,0,0,0,0,0
3,3,4,806,817,0,0,1,0,0,0,0,0,0,0
4,2,5,807,819,0,0,1,0,0,0,0,0,0,0
4,3,5,808,821,0,0,1,0,0,0,0,0,0,0
3,3,7,809,823,0,0,1,0,0,0,0,0,0,0
2,4,6,810,823,0,0,1,0,0,0,0,0,0,0
2,2,8,811,824,0,0,1,0,0,0,0,0,0,0
2,3,6,812,824,0,0,1,0,0,0,0,0,0,0
2,4,5,813,825,0,0,1,0,0,0,0,0,0,0
2,3,4,814,824,0,0,1,0,0,0,0,0,0,0
2,2,4,815,824,0,0,1,0,0,0,0,0,0,0
2,2,5,816,827,0,0,2,0,0,0,0,0,0,0
2,1,6,817,828,0,0,2,0,0,0,0,0,0,0
2,2,4,818,828,0,1,1,0,0,0,0,0,0,0
4,1,8,819,834,0,1,1,0,0,0,0,0,0,0
3,1,5,820,831,0,1,1,0,0,0,0,0,0,0
4,1,6,821,834,0,1,1,0,0,0,0,0,0,0
4,2,5,822,835,0,1,1,0,0,0,0,0,0,0
5,1,8,823,839,0,1,1,0,0,0,0,0,0,0
3,0,7,824,836,0,1,1,0,0,0,0,0,0,0
4,1,5,825,837,0,1,1,0,0,0,0,0,0,0
4,2,1,826,835,0,1,1,0,0,0,0,0,0,0
3,1,2,827,835,0,0,2,0,0,0,0,0,0,0
4,0,4,828,839,0,1,2,0,0,0,0,0,0,0
4,0,2,829,837,0,1,1,0,0,0,0,0,0,0
2,0,3,830,838,0,1,2,0,0,0,0,0,0,0
2,0,3,831,838,0,0,2,0,0,0,0,0,0,0
2,0,2,832,838,0,0,2,0,0,0,0,0,0,0
2,1,2,833,841,0,1,2,0,0,0,0,0,0,0
2,1,4,834,844,0,1,2,0,0,0,0,0,0,0
2,0,2,835,842,0,1,2,0,0,0,0,0,0,0
2,0,5,836,845,0,0,2,0,0,0,0,0,0,0
2,0,5,837,846,0,0,2,0,0,0,0,0,0,0
2,0,5,838,847,0,0,2,0,0,0,0,0,0,0
1,0,5,839,847,0,0,2,0,0,0,0,0,0,0
1,0,4,840,847,0,0,2,0,0,0,0,0,0,0
1,1,4,841,849,0,0,2,0,0,0,0,0,0,0
1,1,4,842,851,0,0,3,0,0,0,0,0,0,0
1,1,4,843,852,1,0,2,0,0,0,0,0,0,0
1,0,4,844,853,0,1,3,0,0,0,0,0,0,0
1,2,5,845,857,0,1,3,0,0,0,0,0,0,0
1,1,4,846,856,0,1,3,0,0,0,0,0,0,0
1,1,4,847,857,0,1,3,0,0,0,0,0,0,0
1,3,4,848,860,0,1,3,0,0,0,0,0,0,0
1,2,5,849,860,0,0,3,0,0,0,0,0,0,0
1,1,4,850,860,0,0,4,0,0,0,0,0,0,0
1,1,4,851,861,0,0,4,0,0,0,0,0,0,0
1,1,5,852,863,0,0,4,0,0,0,0,0,0,0
1,1,2,853,861,0,0,4,0,0,0,0,0,0,0
1,1,4,854,864,0,0,4,0,0,0,0,0,0,0
1,0,4,855,863,0,0,3,0,0,0,0,0,0,0
1,1,1,856,863,0,0,4,0,0,0,0,0,0,0
1,1,1,857,863,0,0,3,0,0,0,0,0,0,0
1,1,1,858,863,0,0,2,0,0,0,0,0,0,0
1,1,1,859,864,0,0,2,0,0,0,0,0,0,0
1,1,1,860,866,0,0,3,0,0,0,0,0,0,0
1,1,1,861,867,0,0,3,0,0,0,0,0,0,0
1,2,2,862,870,0,0,3,0,0,0,0,0,0,0
1,1,3,863,870,0,0,2,0,0,0,0,0,0,0
1,0,4,864,873,0,0,3,0,0,0,0,0,0,1
1,1,4,865,874,0,0,3,0,0,0,0,0,0,0
2,1,4,866,875,0,0,2,0,0,0,0,0,0,0
2,1,6,867,878,0,0,2,0,0,0,0,0,0,0
2,1,5,868,878,0,0,2,0,0,0,0,0,0,0
2,1,5,869,879,0,0,2,0,0,0,0,0,0,0
2,1,5,870,880,0,0,2,0,0,0,0,0,0,0
2,1,4,871,881,0,0,3,0,0,0,0,0,0,0
2,1,4,872,882,0,0,3,0,0,0,0,0,0,0
2,1,4,873,882,0,0,2,0,0,0,0,0,0,0
2,1,3,874,883,0,0,3,0,0,0,0,0,0,0
1,1,4,875,884,0,0,3,0,0,0,0,0,0,0
1,1,5,876,885,0,0,2,0,0,0,0,0,0,0
1,1,5,877,887,0,0,3,0,0,0,0,0,0,0
1,1,4,878,888,0,0,4,0,0,0,0,0,0,0
1,1,5,879,889,0,0,3,0,0,0,0,0,0,0
0,2,4,880,889,0,0,3,0,0,0,0,0,0,0
1,2,5,881,892,0,0,3,0,0,0,0,0,0,0
1,2,5,882,892,0,0,2,0,0,0,0,0,0,0
1,2,5,883,894,0,0,3,0,0,0,0,0,0,0
1,1,6,884,894,0,0,2,0,0,0,0,0,0,0
1,1,5,885,895,0,0,3,0,0,0,0,0,0,0
1,1,4,886,894,0,0,2,0,0,0,0,0,0,0
1,1,6,887,898,0,0,3,0,0,0,0,0,0,0
1,1,4,888,896,0,0,2,0,0,0,0,0,0,0
1,1,5,889,899,0,0,3,0,0,0,0,0,0,0
1,1,4,890,899,0,0,3,0,0,0,0,0,0,0
1,1,3,891,899,0,0,3,0,0,0,0,0,0,0
1,1,5,892,902,0,0,3,0,0,0,0,0,0,0
1,2,2,893,901,0,1,2,0,0,0,0,0,0,0
1,2,4,894,903,0,0,2,0,0,0,0,0,0,0
1,1,3,895,902,0,0,2,0,0,0,0,0,0,0
1,1,1,896,901,0,0,2,0,0,0,0,0,0,0
1,1,2,897,903,0,0,2,0,0,0,0,0,0,0
1,1,3,898,905,0,0,2,0,0,0,0,0,0,0
1,1,3,899,906,0,0,2,0,0,0,0,0,0,0
1,1,4,900,909,0,0,3,0,0,0,0,0,0,0
1,1,2,901,908,0,0,3,0,0,0,0,0,0,0
1,2,3,902,910,0,0,2,0,0,0,0,0,0,0
0,0,1,903,907,0,0,3,0,0,0,0,0,0,0
2,1,2,904,912,0,0,3,0,0,0,0,0,0,0
2,2,3,905,915,0,0,3,0,0,0,0,0,0,0
2,2,3,906,915,0,0,2,0,0,0,0,0,0,0
2,2,3,907,916,0,0,2,0,0,0,0,0,0,0
2,1,2,908,915,0,0,2,0,0,0,0,0,0,0
2,2,2,909,917,0,0,2,0,0,0,0,0,0,0
2,1,2,910,917,0,0,2,0,0,0,0,0,0,0
2,1,3,911,919,0,0,2,0,0,0,0,0,0,0
2,1,3,912,921,0,1,2,0,0,0,0,0,0,0
2,2,2,913,922,0,1,2,0,0,0,0,0,0,0
2,2,3,914,924,0,0,3,0,0,0,0,0,0,0
2,1,2,915,922,0,0,2,0,0,0,0,0,0,0
2,1,4,916,925,0,0,2,0,0,0,0,0,0,0
2,0,3,917,924,0,0,2,0,0,0,0,0,0,0
2,0,3,918,926,0,0,3,0,0,0,0,0,0,0
1,0,2,919,925,0,0,3,0,0,0,0,0,0,0
1,1,2,920,927,0,0,3,0,0,0,0,0,0,0
1,1,2,921,927,0,0,2,0,0,0,0,0,0,0
1,1,2,922,928,0,0,2,0,0,0,0,0,0,0
1,0,2,923,928,0,0,2,0,0,0,0,0,0,0
1,0,2,924,929,0,0,2,0,0,0,0,0,0,0
1,1,3,925,932,0,0,2,0,0,0,0,0,0,0
1,0,2,926,931,0,0,2,0,0,0,0,0,0,0
1,0,2,927,932,0,0,2,0,0,0,0,0,0,0
1,1,2,928,934,0,0,2,0,0,0,0,0,0,0
1,0,2,929,934,0,0,2,0,0,0,0,0,0,0
3,0,2,930,937,0,0,2,0,0,0,0,0,0,0
4,1,1,931,940,0,0,3,0,0,0,0,0,0,0
1,0,3,932,938,0,0,2,0,0,0,0,0,0,0
1,2,3,933,941,0,0,2,0,0,0,0,0,0,0
1,2,3,934,942,0,0,2,0,0,0,0,0,0,0
1,2,2,935,942,0,0,2,0,0,0,0,0,0,0
1,2,2,936,943,0,0,2,0,0,0,0,0,0,0
1,1,5,937,946,0,0,2,0,0,0,0,0,0,0
1,1,4,938,946,0,0,2,0,0,0,0,0,0,0
1,1,5,939,948,0,0,2,0,0,0,0,0,0,0
1,1,3,940,948,0,1,2,0,0,0,0,0,0,0
1,2,3,941,950,0,1,2,0,0,0,0,0,0,0
1,1,3,942,949,0,0,2,0,0,0,0,0,0,0
1,2,3,943,951,0,0,2,0,0,0,0,0,0,0
1,2,2,944,952,0,0,3,0,0,0,0,0,0,0
1,3,3,945,955,0,0,3,0,0,0,0,0,0,0
2,2,3,946,955,0,0,2,0,0,0,0,0,0,0
0,2,3,947,954,0,0,2,0,0,0,0,0,0,0
0,4,4,948,958,0,0,2,0,0,0,0,0,0,0
0,2,3,949,956,0,0,2,0,0,0,0,0,0,0
0,3,3,950,958,0,0,2,0,0,0,0,0,0,0
1,1,3,951,960,0,1,3,0,0,0,0,0,0,0
1,1,3,952,961,0,0,4,0,0,0,0,0,0,0
3,2,4,953,964,0,0,2,0,0,0,0,0,0,0
2,1,4,954,964,0,0,3,0,0,0,0,0,0,0
0,2,4,955,966,0,1,4,0,0,0,0,0,0,0
2,2,4,956,970,0,0,6,0,0,0,0,0,0,0
4,2,3,957,970,0,0,4,0,0,0,0,0,0,0
3,2,3,958,970,0,0,4,0,0,0,0,0,0,0
3,1,3,959,969,0,0,3,0,0,0,0,0,0,0
4,2,3,960,973,0,0,4,0,0,0,0,0,0,0
2,3,4,961,975,0,0,5,0,0,0,0,0,0,0
2,3,3,962,974,0,0,4,0,0,0,0,0,0,0
2,2,3,963,974,0,0,4,0,0,0,0,0,0,0
2,3,4,964,978,0,0,5,0,0,0,0,0,0,0
2,3,4,965,978,0,0,4,0,0,0,0,0,0,0
2,3,4,966,981,0,0,5,1,0,0,0,0,0,0
3,4,6,967,983,0,0,3,0,0,0,0,0,0,0
2,4,5,968,982,0,0,3,0,0,0,0,0,0,0
4,3,5,969,984,0,0,3,0,0,0,0,0,0,0
3,3,9,970,987,0,0,2,0,0,0,0,0,0,0
2,3,8,971,987,0,0,3,0,0,0,0,0,0,0
1,3,9,972,988,0,0,3,0,0,0,0,0,0,0
1,3,6,973,985,0,0,2,0,0,0,0,0,0,0
3,3,5,974,987,0,0,2,0,0,0,0,0,0,0
4,3,6,975,990,0,0,2,0,0,0,0,0,0,0
2,5,6,976,991,0,0,2,0,0,0,0,0,0,0
2,5,7,977,993,0,0,2,0,0,0,0,0,0,0
3,4,7,978,994,0,0,2,0,0,0,0,0,0,0
2,5,7,979,995,0,0,2,0,0,0,0,0,0,0
3,3,4,980,992,0,0,2,0,0,0,0,0,0,0
3,3,6,981,996,0,0,3,0,0,0,0,0,0,0
4,2,4,982,995,0,1,2,0,0,0,0,0,0,0
2,2,4,983,994,0,0,3,0,0,0,0,0,0,0
4,2,7,984,1000,0,1,2,0,0,0,0,0,0,0
3,3,4,985,998,0,1,2,0,0,0,0,0,0,0
3,2,4,986,999,0,1,3,0,0,0,0,0,0,0
